index;action;page_viewed_1;page_viewed_2;page_viewed_5;page_viewed_8;page_viewed_11;page_viewed_14;page_viewed_17;open_type_cookie;page_viewed_7;Q5_q5a1;page_viewed_15;page_viewed_10;page_viewed_4;Q2_q2a2;page_viewed_13;Q4_q4a1;page_viewed_12;Q1_q1a2;Q3_q3a2;page_viewed_3;page_viewed_9;Q2_q2a1;page_viewed_6;Q3_q3a1;Q1_q1a1;page_viewed_16;Q1_q1a3;Q4_q4a2;Q4_q4a3;Q3_q3a3;Q5_q5a2;Q2_q2a3;Q5_q5a3;click2button_click2link;like_dislike_like;system_favorite;system_share;like_dislike_dislike;system_optout_CREATIVE;like_dislike_unknown;session_start;session_end
0;page_viewed_1;0.0001401064809255034;0.33761658860734156;0.015298293369627583;0.00289553393912707;0.0009206997317961651;0.0004136477055895814;0.0002868846990379355;0.012462805065182872;9.340432061700226e-05;0.0;0.0;2.0015211560786197e-05;0.001394393072068105;0.000673845455879802;0.0;0.0;6.671737186928733e-06;0.06942609716718039;2.0015211560786197e-05;0.0010808214242824547;6.671737186928733e-06;0.00047369334027194;4.670216030850113e-05;4.670216030850113e-05;0.05564228813898563;0.0;0.04746941008499793;6.671737186928733e-06;0.0;1.3343474373857465e-05;0.0;0.00016679342967321832;0.0;0.0;0.0009340432061700225;0.00036027380809415153;0.00023351080154250563;0.00010007605780393099;6.671737186928732e-05;2.0015211560786197e-05;0.0;0.45166326408070134
1;page_viewed_2;0.018916105920511208;4.840974003969599e-05;0.22366510141840537;0.021723870842813575;0.005337173839376482;0.0018032628164786756;0.0016943409013893595;0.003243452582659631;0.0007745558406351358;2.4204870019847995e-05;0.0;7.261461005954399e-05;0.18713995255845475;0.029396814639105387;2.4204870019847995e-05;3.630730502977199e-05;2.4204870019847995e-05;0.09370915428184151;0.00018153652514885996;0.12696664568911264;6.051217504961998e-05;0.02068306143196011;0.0004235852253473399;0.00024204870019847992;0.07617272595246163;0.0;0.06453018347291475;2.4204870019847995e-05;2.4204870019847995e-05;0.00013312678510916397;1.2102435009923998e-05;0.008629036162075809;0.0;0.0;0.0015733165512901196;0.00016943409013893597;0.00018153652514885996;7.261461005954399e-05;3.630730502977199e-05;6.051217504961998e-05;0.0;0.11218957254199545
2;page_viewed_5;0.002218041946261617;0.01787067973158885;2.8076480332425527e-05;0.16209955919925878;0.022770025549597103;0.00649970519695651;0.002611112670915574;0.001979391863436;0.27194878849987364;2.8076480332425527e-05;1.4038240166212764e-05;0.0005755678468147233;0.0021759272257629784;0.14787882191088525;7.019120083106382e-05;0.00012634416149591486;2.8076480332425527e-05;0.009096779627705871;0.005320493022994637;0.0012213268944605104;0.0005194148861498723;0.09322795294381896;0.1318611898812365;0.0057697167083134455;0.007903529213577785;1.4038240166212764e-05;0.005376645983659488;0.00012634416149591486;9.826768116348934e-05;0.003551674762051829;1.4038240166212764e-05;0.043672965157087906;0.0;0.0;0.0006597972878119999;0.00014038240166212764;8.422944099727657e-05;7.019120083106382e-05;7.019120083106382e-05;0.00011230592132970211;0.0;0.05216610045764663
3;page_viewed_8;0.0007547739452034116;0.003124764133142124;0.01698241376707676;1.5095478904068232e-05;0.1478149294286361;0.025209449769793946;0.007336402747377161;0.001041588044380708;0.0017963619895841195;0.00025662314136915996;7.547739452034116e-05;0.25799682994943013;0.00022643218356102347;0.005962714167106952;0.0006340101139708657;0.008664804890935164;0.00048305532493018343;0.0015397388482149596;0.1148011170654389;0.00022643218356102347;0.16682013736885803;0.004921126122726244;0.0009963016076685032;0.10471733715752132;0.001434070495886482;3.0190957808136464e-05;0.000784964903011548;0.004468261755604197;0.003456864669031625;0.06821646916748433;7.547739452034116e-05;0.0023699901879387125;3.0190957808136464e-05;3.0190957808136464e-05;0.0003019095780813646;6.038191561627293e-05;7.547739452034116e-05;6.038191561627293e-05;6.038191561627293e-05;1.5095478904068232e-05;0.0;0.04613178353083251
4;page_viewed_11;0.00035264887392802755;0.0011060351045924502;0.0036547246934359222;0.01774465015628757;1.60294942694558e-05;0.1478881141299992;0.025086158531698325;0.0008655926905506131;0.00011220645988619059;0.011813737276588923;0.000721327242125511;0.0016991263925623147;6.41179770778232e-05;0.00035264887392802755;0.22559910234832092;0.14537148352969465;0.20745371483529695;0.0006091207822393203;0.004087521038711229;6.41179770778232e-05;0.0007533862306644226;0.0008335337020117015;0.00017632443696401377;0.00301354492265769;0.00043279634527530655;0.0002885308968502044;0.0002564719083112928;0.08147791937164382;0.07524244610082552;0.00190750981806524;0.0037028131762442897;0.0001282359541556464;0.0018433918409874169;8.014747134727899e-05;0.00041676685100585075;4.8088482808367394e-05;1.60294942694558e-05;3.20589885389116e-05;3.20589885389116e-05;4.8088482808367394e-05;0.0;0.034607678127755066
5;page_viewed_14;0.00015029809121424158;0.0005510930011188858;0.0014027821846662547;0.0036238539770544914;0.018486665219351713;5.0099363738080525e-05;0.15963327265743726;0.0005844925769442728;3.3399575825387016e-05;0.22040380087172892;0.3014478716120305;1.6699787912693508e-05;3.3399575825387016e-05;0.0002003974549523221;0.0015864798517058834;0.006112122376045824;0.0012357843055393197;0.0003339957582538702;0.0003506955461665637;5.0099363738080525e-05;1.6699787912693508e-05;0.00031729597034117665;5.0099363738080525e-05;0.0001669978791269351;0.0002170972428650156;0.1332977071191196;0.0002003974549523221;0.002889063308895977;0.002454868823165946;0.00013359830330154807;0.05965164242414121;1.6699787912693508e-05;0.03668943404418764;0.0015864798517058834;0.0005677927890315793;8.349893956346755e-05;5.0099363738080525e-05;3.3399575825387016e-05;0.0;1.6699787912693508e-05;0.0;0.0452731250313121
6;page_viewed_17;0.00015802781289506955;0.00033361427166736903;0.0007725804185981177;0.001703188650091305;0.0032834667790420003;0.015047759516786066;0.00012291052114060964;0.0032834667790420003;1.7558645877229948e-05;0.005969939598258182;0.001703188650091305;0.00015802781289506955;8.779322938614974e-05;0.0002633796881584492;0.00019314510464952942;0.0007199044809664279;0.00014046916701783958;0.0017734232336002248;0.0006496698974575081;7.023458350891979e-05;8.779322938614974e-05;0.0016329540665823853;3.5117291754459895e-05;0.0002458210422812193;0.0009832841691248771;0.0013168984407922462;0.0008252563562298076;0.0003160556257901391;0.00012291052114060964;0.00014046916701783958;0.0018787751088636044;7.023458350891979e-05;0.0011939879196516364;0.010377159713442899;0.0021772720887765135;0.001000842815002107;0.00035117291754459897;8.779322938614974e-05;0.00012291052114060964;1.7558645877229948e-05;0.0;0.9405639837055766
7;open_type_cookie;0.8323639441850305;0.04508342208022719;0.004505611534365528;0.001228803145736053;0.0007918953605854564;0.0006007482045820704;0.00043690778515059666;0.0006826684142978073;8.192020971573687e-05;0.0003276808388629475;2.730673657191229e-05;2.730673657191229e-05;0.001037655989732667;0.0017476311406023866;2.730673657191229e-05;0.0003003741022910352;2.730673657191229e-05;0.021736162311242185;0.0009557357800169302;0.000846508833729281;0.0;0.00357718249092051;2.730673657191229e-05;0.0003549875754348598;0.012970699871658338;0.0;0.010021572321891811;0.00013653368285956145;0.00019114715600338604;0.00016384041943147374;0.00010922694628764917;0.00046421452172250896;5.461347314382458e-05;5.461347314382458e-05;0.006853990879549985;0.0011468829360203163;0.0008192020971573687;0.00043690778515059666;0.0002730673657191229;2.730673657191229e-05;0.0;0.04947980666830507
8;page_viewed_7;0.00011001402678841553;0.00022002805357683106;0.0039880084710800625;0.3868643252014632;0.0047856101652960755;0.0008526087076102203;0.0002750350669710388;0.001870238455403064;5.5007013394207764e-05;0.00011001402678841553;0.0;0.004373057564839517;0.0001650210401826233;0.0020077559888885834;0.00011001402678841553;0.0006050771473362854;0.0001375175334855194;0.0023928050826480377;0.20327841799829477;0.00024753156027393494;0.0022552875491625183;0.035974586759811876;0.004015511977777167;0.19013174179707912;0.005748232899694711;0.0;0.002612833136224869;0.0008251052009131165;0.00038504909375945435;0.11851261035782062;5.5007013394207764e-05;0.001402678841552298;8.251052009131165e-05;0.0;0.00035754558706235047;5.5007013394207764e-05;5.5007013394207764e-05;2.7503506697103882e-05;5.5007013394207764e-05;8.251052009131165e-05;0.0;0.024918177067576115
9;Q5_q5a1;0.0;0.0;0.0;0.0;0.00032233487663365176;0.5223583191701342;0.015794408955048935;2.930317060305925e-05;2.930317060305925e-05;2.930317060305925e-05;0.45129813045771555;2.930317060305925e-05;0.0;0.0;0.0004981539002520073;5.86063412061185e-05;0.000586063412061185;2.930317060305925e-05;2.930317060305925e-05;0.0;0.0;0.0;2.930317060305925e-05;0.0;0.0;0.001289339506534607;0.0;5.86063412061185e-05;2.930317060305925e-05;0.0;0.00020512219422141477;0.0;2.930317060305925e-05;0.0010256109711070738;0.0006739729238703628;5.86063412061185e-05;2.930317060305925e-05;0.0;0.0;2.930317060305925e-05;0.0;0.005450389732169021
10;page_viewed_15;5.876476464711759e-05;2.9382382323558796e-05;0.0;5.876476464711759e-05;8.814714697067639e-05;0.0055532702591526125;0.8726861373920197;0.0004995004995004995;8.814714697067639e-05;0.003114532526297232;2.9382382323558796e-05;2.9382382323558796e-05;2.9382382323558796e-05;2.9382382323558796e-05;0.00011752952929423518;0.0006757947934418522;0.00023505905858847037;0.00041135335252982314;0.00020567667626491157;5.876476464711759e-05;2.9382382323558796e-05;0.00026444144091202913;5.876476464711759e-05;2.9382382323558796e-05;0.0003232062055591467;8.814714697067639e-05;0.00023505905858847037;0.00026444144091202913;0.0003232062055591467;2.9382382323558796e-05;0.0003819709702062643;5.876476464711759e-05;0.00020567667626491157;0.040283246165599106;0.006846095081389199;0.001116530528295234;0.0003232062055591467;0.00026444144091202913;0.00011752952929423518;2.9382382323558796e-05;0.0;0.06472938825880002
11;page_viewed_10;0.0;9.739943508327652e-05;6.493295672218434e-05;0.005129703581052563;0.4018700691535989;0.005259569494496932;0.0006493295672218434;0.0010713937859160418;0.00012986591344436868;0.0013960585695269635;0.0003246647836109217;6.493295672218434e-05;6.493295672218434e-05;0.0005843966104996591;0.003571312619720139;0.2450245121911626;0.0028895165741372035;0.0006493295672218434;0.02990162657056589;9.739943508327652e-05;0.003603779098081231;0.0012337261777215025;3.246647836109217e-05;0.001915522223304438;0.0006817960455829356;6.493295672218434e-05;0.0004545306970552904;0.13986558877958508;0.13077497483847927;0.0016233239180546085;0.0003246647836109217;0.00029219830524982956;0.00016233239180546085;0.0;0.0003246647836109217;3.246647836109217e-05;3.246647836109217e-05;0.0;6.493295672218434e-05;6.493295672218434e-05;0.0;0.019609752930099672
12;page_viewed_4;0.0005248827215169111;0.004100646261850868;0.3628251812485648;0.013614145589344881;0.0015418429944559263;0.0002952465308532625;0.00032805170094806944;0.0037725945609027984;0.0038053997309976054;0.00019683102056884165;0.0;0.00013122068037922776;6.561034018961388e-05;0.26578748810812586;3.280517009480694e-05;0.0006889085719909457;0.0;0.035757635403339566;0.00590493061706525;0.003936620411376833;6.561034018961388e-05;0.15300331332217956;0.002066725715972837;0.003936620411376833;0.002690023947774169;3.280517009480694e-05;0.002329167076731293;0.0002952465308532625;0.0002952465308532625;0.003903815241282026;3.280517009480694e-05;0.07669848768165863;9.841551028442082e-05;0.0;0.001115375783223436;0.00016402585047403472;0.00026244136075845553;6.561034018961388e-05;3.280517009480694e-05;0.00016402585047403472;0.0;0.04943739133287406
13;Q2_q2a2;3.5503798906482997e-05;0.0008520911737555919;0.525065682027977;0.010012071291628205;0.0004970531846907619;0.00014201519562593199;7.100759781296599e-05;0.00010651139671944898;0.4452531420862032;0.0;0.0;0.00046154938578427893;0.0005325569835972449;0.0;7.100759781296599e-05;7.100759781296599e-05;0.0;0.00042604558687779593;0.0038344102819001633;0.00039054178797131293;0.00028403039125186397;0.0023432507278278777;0.00028403039125186397;0.003940921678619612;0.00028403039125186397;0.0;0.00010651139671944898;0.00010651139671944898;3.5503798906482997e-05;0.0019882127387630478;7.100759781296599e-05;3.5503798906482997e-05;0.0;0.0;0.00039054178797131293;0.00014201519562593199;3.5503798906482997e-05;3.5503798906482997e-05;0.0;0.00010651139671944898;0.0;0.0019882127387630478
14;page_viewed_13;0.0;3.913434821743044e-05;0.0;0.00011740304465229132;0.0024654639376981177;0.40891480452393064;0.006339764411223731;0.0007826869643486088;0.00011740304465229132;0.34716080303682545;0.004930927875396235;0.0001956717410871522;0.0;7.826869643486087e-05;7.826869643486087e-05;0.027237506359331587;0.0026220013305678393;0.00023480608930458264;0.0009392243572183305;0.0;7.826869643486087e-05;0.0003130747857394435;0.0;0.0001956717410871522;0.0001956717410871522;0.0022697921966109654;0.0;0.001878448714436661;0.001330567839392635;0.00023480608930458264;0.1073455171604117;0.0;0.06641098892497946;0.00027394043752201305;0.0001956717410871522;0.0;0.0;0.0;0.0;0.0;0.0;0.017023441474582242
15;Q4_q4a1;0.0;8.137358613394092e-05;0.00012206037920091139;0.00036618113760273415;0.519326226706811;0.00878834730246562;0.0005289283098706159;4.068679306697046e-05;4.068679306697046e-05;0.007771177475791358;0.0009764830336072911;0.0012612905850760843;0.0;0.0;0.0018309056880136709;0.0;0.45259988607697943;0.0;4.068679306697046e-05;0.0;0.00024412075840182277;0.0;8.137358613394092e-05;8.137358613394092e-05;0.0;0.00028480755146879325;4.068679306697046e-05;4.068679306697046e-05;0.00012206037920091139;4.068679306697046e-05;0.002034339653348523;0.0;0.0010171698266742614;0.00012206037920091139;0.00028480755146879325;4.068679306697046e-05;0.0;0.0;0.0;4.068679306697046e-05;0.0;0.0017495321018797297
16;page_viewed_12;0.0;8.165264962848044e-05;0.0;0.0002041316240712011;0.0021637952151547317;0.4120192700253123;0.005674859149179391;0.0006532211970278435;4.082632481424022e-05;0.3949538662529599;0.0049399853025230665;0.00012247897444272066;0.0;0.0002041316240712011;0.0;0.002082142565526251;4.082632481424022e-05;0.0002041316240712011;0.0009798317955417653;4.082632481424022e-05;0.00016330529925696088;0.0004899158977708826;0.0;0.0002449579488854413;0.00012247897444272066;0.00183718461664081;0.0002041316240712011;0.0010206581203560056;0.0004899158977708826;0.0004490895729566424;0.09655425818567813;4.082632481424022e-05;0.05838164448436352;0.0004082632481424022;0.0002041316240712011;0.0;0.0;0.0;0.0;0.0;0.0;0.014983261206826162
17;Q1_q1a2;0.0016160310277957336;0.47866839043309634;0.010434943208052452;0.0011543078769969525;9.234463015975621e-05;0.0;4.6172315079878107e-05;0.00023086157539939053;0.0008311016714378059;4.6172315079878107e-05;0.0;4.6172315079878107e-05;0.0031858897405115895;0.007341398097700618;0.0;0.0;9.234463015975621e-05;0.0;9.234463015975621e-05;0.483701172776803;4.6172315079878107e-05;0.005171299288946348;0.00027703389047926865;0.00023086157539939053;9.234463015975621e-05;0.0;0.00013851694523963433;0.00013851694523963433;0.0;0.00027703389047926865;0.0;0.0016622033428756117;0.0;0.0;0.002170098808754271;0.00013851694523963433;9.234463015975621e-05;0.0;0.0;4.6172315079878107e-05;0.0;0.0019392372333548805
18;Q3_q3a2;0.0;0.0;0.00032411909061443717;0.5045145159049867;0.009723572718433115;0.0003704218178450711;0.00018521090892253554;0.0;0.00041672454507570494;0.00023151363615316943;4.6302727230633885e-05;0.003472704542297541;0.0;0.00013890818169190166;0.00041672454507570494;0.0050469972681390935;0.00032411909061443717;4.6302727230633885e-05;0.0;0.0;0.4657128304857156;9.260545446126777e-05;0.00046302727230633885;9.260545446126777e-05;4.6302727230633885e-05;9.260545446126777e-05;4.6302727230633885e-05;0.003241190906144372;0.0029170718155299346;0.0;9.260545446126777e-05;4.6302727230633885e-05;9.260545446126777e-05;9.260545446126777e-05;0.0005093299995369727;0.0;4.6302727230633885e-05;0.0;0.0;4.6302727230633885e-05;0.0;0.0011112654535352132
19;page_viewed_3;0.00041685965724872626;0.0026401111625752663;0.37707271885132004;0.007364520611394164;0.0008800370541917554;0.0003242241778601204;0.00018527095877721167;0.0018063918480778138;0.005511811023622047;9.263547938860583e-05;0.0;0.0003242241778601204;0.0002315886984715146;0.2762389995368226;0.0;0.0004631773969430292;4.631773969430292e-05;0.0018990273274664196;0.003242241778601204;0.0;0.0004631773969430292;0.19092172301991664;0.00333487725798981;0.002315886984715146;0.002362204724409449;0.0;0.001157943492357573;4.631773969430292e-05;0.00018527095877721167;0.0017600741083835109;0.0;0.08967114404817045;4.631773969430292e-05;0.0;0.0018527095877721167;0.0003242241778601204;0.0002315886984715146;4.631773969430292e-05;4.631773969430292e-05;4.631773969430292e-05;0.0;0.026447429365446966
20;page_viewed_9;0.0;9.277728811986825e-05;9.277728811986825e-05;0.0041285893213341375;0.4076170153546412;0.005520248643132161;0.000695829660899012;0.0008349955930788143;0.00027833186435960477;0.002504986779236443;0.0001855545762397365;0.0003247205084195389;0.0;0.000695829660899012;0.0026441527114162452;0.26432249385350465;0.0025977640673563113;0.0006494410168390778;0.002226654914876838;0.0;4.6388644059934126e-05;0.002087488982697036;0.00013916593217980238;0.0006030523727791437;0.0010205501693185508;9.277728811986825e-05;0.0006030523727791437;0.1495105998051677;0.13424873590944936;0.00027833186435960477;0.0004638864405993413;0.00041749779653940715;0.0005102750846592754;0.00013916593217980238;0.0001855545762397365;0.00013916593217980238;9.277728811986825e-05;0.0;0.0;0.0;0.0;0.014009370506100106
21;Q2_q2a1;0.0001014455997971088;0.0009637331980725336;0.4708090286583819;0.009840223180319553;0.0008622875982754249;0.0001521683996956632;0.0001014455997971088;0.0001521683996956632;0.005173725589652549;5.07227998985544e-05;0.0;0.001014455997971088;0.0013695155972609687;0.0002028911995942176;0.0001014455997971088;0.0001521683996956632;0.0001014455997971088;0.0001521683996956632;0.005021557189956886;0.0004565051990869896;0.0005579507988840984;0.0;0.49272127821455747;0.004108546791782907;0.0006593963986812072;0.0;0.000253613999492772;0.0001521683996956632;0.0001014455997971088;0.00253613999492772;5.07227998985544e-05;5.07227998985544e-05;0.0;0.0;0.0005579507988840984;5.07227998985544e-05;0.0001014455997971088;5.07227998985544e-05;0.0;0.0001014455997971088;0.0;0.0011666243976667513
22;page_viewed_6;0.0;5.099439061703213e-05;0.0043855175930647625;0.3791432942376339;0.006680265170831209;0.0007139214686384497;0.00025497195308516065;0.0015298317185109638;0.00045894951555328913;0.0006629270780214177;0.00010198878123406426;0.004334523202447731;0.000815910249872514;0.0021927587965323812;0.00015298317185109638;0.003977562468128506;0.00025497195308516065;0.0034166241713411527;0.21473737888832228;0.00025497195308516065;0.0030596634370219276;0.00407955124936257;0.0;0.19546149923508413;0.013003569607343193;0.0;0.006323304436511984;0.0013768485466598675;0.0011218765935747067;0.12921978582355942;0.0002039775624681285;0.0006629270780214177;5.099439061703213e-05;0.00010198878123406426;0.0011218765935747067;0.0002039775624681285;0.00025497195308516065;0.0;0.0;5.099439061703213e-05;0.0;0.019581845996940336
23;Q3_q3a1;0.0;0.00010610079575596818;0.0007427055702917772;0.5493899204244032;0.010185676392572944;0.00021220159151193635;0.0002652519893899204;5.305039787798409e-05;0.0005305039787798408;0.00021220159151193635;0.00010610079575596818;0.42259946949602123;0.00010610079575596818;5.305039787798409e-05;0.0002652519893899204;0.0046684350132626;0.00021220159151193635;0.00015915119363395225;0.001909814323607427;0.00010610079575596818;0.0003183023872679045;0.0003713527851458886;0.000583554376657825;0.0;0.00010610079575596818;0.00010610079575596818;5.305039787798409e-05;0.001909814323607427;0.0022811671087533156;0.00015915119363395225;0.0;0.0;0.00010610079575596818;0.0;0.0003713527851458886;5.305039787798409e-05;0.00010610079575596818;5.305039787798409e-05;0.0;5.305039787798409e-05;0.0;0.0014854111405835544
24;Q1_q1a1;0.004568377336102047;0.4919608424799763;0.010323346188074756;0.0011272619400771284;5.932957579353308e-05;0.00011865915158706616;5.932957579353308e-05;0.00023731830317413232;0.0005339661821417977;5.932957579353308e-05;0.0;0.0;0.47167012755858795;0.004687036487689113;0.00011865915158706616;0.00011865915158706616;0.0;0.002195194304360724;0.0005932957579353308;0.00011865915158706616;0.0;0.003975081578166716;0.0003559774547611985;0.0003559774547611985;0.0;0.0;0.00023731830317413232;0.00017798872738059924;5.932957579353308e-05;0.0002966478789676654;0.0;0.0013645802432512607;0.0;0.0;0.0014832393948383269;5.932957579353308e-05;0.00011865915158706616;5.932957579353308e-05;0.0;0.0;0.0;0.0029071492138831208
25;page_viewed_16;0.0;6.792555359326178e-05;0.0;6.792555359326178e-05;0.00013585110718652356;0.005569895394647467;0.8396277679663089;0.0010188833038989268;0.0;0.04095910881673686;0.00495856541230811;0.0;0.0;0.00020377666077978535;0.00033962776796630893;0.0007471810895258796;0.0;0.00033962776796630893;0.00033962776796630893;0.0;6.792555359326178e-05;0.0002717022143730471;0.0;0.0;0.0004075533215595707;6.792555359326178e-05;6.792555359326178e-05;0.0004075533215595707;0.0002717022143730471;0.0;0.0027170221437304715;6.792555359326178e-05;0.0028528732509169948;0.023773943757641625;0.0030566499116967804;0.0008830321967124032;0.0004075533215595707;0.0004075533215595707;6.792555359326178e-05;0.0;0.0;0.06982746909387312
26;Q1_q1a3;0.0009374098644361119;0.5112489183732334;0.008148254975483127;0.0011537352177675222;7.210845111047014e-05;7.210845111047014e-05;0.0;0.00021632535333141045;0.0007931929622151717;0.0;0.0;0.00014421690222094028;0.4577444476492645;0.005840784539948082;0.00014421690222094028;0.00014421690222094028;0.0;0.0025237957888664554;0.00021632535333141045;0.00036054225555235076;0.0;0.0030285549466397463;0.00028843380444188056;0.00014421690222094028;0.00014421690222094028;0.0;0.0;0.00014421690222094028;0.0;0.00014421690222094028;0.0;0.001009518315546582;0.0;0.0;0.0012979521199884627;7.210845111047014e-05;0.00014421690222094028;0.0;7.210845111047014e-05;0.0;0.0;0.0037496394577444477
27;Q4_q4a2;0.0;0.0;7.438262421898245e-05;0.0005206783695328771;0.5440345135376377;0.0097441237726867;0.0005206783695328771;0.0001487652484379649;0.0;0.005950609937518596;0.0005950609937518596;0.0001487652484379649;0.0;7.438262421898245e-05;0.4272537935138352;0.0026033918476643858;0.0002975304968759298;0.0;7.438262421898245e-05;0.0;0.0005206783695328771;7.438262421898245e-05;0.0;0.0;0.0001487652484379649;0.00037191312109491223;0.0;0.0;0.00022314787265694734;0.0001487652484379649;0.0023058613507884558;7.438262421898245e-05;0.0015620351085986314;7.438262421898245e-05;0.0004462957453138947;0.0;0.0;0.0001487652484379649;0.0;0.0;0.0;0.0018595656054745612
28;Q4_q4a3;0.0;8.141996417521577e-05;8.141996417521577e-05;0.0002442598925256473;0.5464907995440482;0.010014655593551539;0.0003256798567008631;8.141996417521577e-05;0.0;0.005862237420615535;0.0003256798567008631;0.0;8.141996417521577e-05;0.0;0.42794333170493404;0.002035499104380394;8.141996417521577e-05;8.141996417521577e-05;0.0002442598925256473;0.0;0.0002442598925256473;0.0;0.0;0.0;0.0;0.00016283992835043154;0.0;0.0002442598925256473;0.0;0.0;0.0016283992835043153;0.0;0.001384139390978668;0.0;0.0003256798567008631;0.0;0.0;0.0;8.141996417521577e-05;0.0;0.0;0.0019540791402051783
29;Q3_q3a3;0.0;0.00016459550654267138;0.0005760842728993499;0.547197761501111;0.010204921405645625;0.0004114887663566785;0.00016459550654267138;0.0;0.00032919101308534276;0.00032919101308534276;0.0;0.42202287877540945;0.0;8.229775327133569e-05;0.0004114887663566785;0.005513949469179491;0.0004114887663566785;8.229775327133569e-05;0.0039502921570241135;0.0;0.0002468932598140071;0.0;8.229775327133569e-05;0.0;0.0;8.229775327133569e-05;0.0;0.002633528104682742;0.002633528104682742;0.0;8.229775327133569e-05;8.229775327133569e-05;0.00016459550654267138;0.0;0.00016459550654267138;0.0;8.229775327133569e-05;0.0;0.0;0.0;0.0;0.001892848325240721
30;Q5_q5a2;0.0;0.0;0.0;0.00021673168617251842;0.00043346337234503684;0.5308842652795839;0.017446900736887733;0.0;0.0;0.004551365409622887;0.001083658430862592;0.0;0.0;0.0;0.0022756827048114434;0.00010836584308625921;0.00032509752925877764;0.00010836584308625921;0.0;0.0;0.00010836584308625921;0.0;0.0;0.00010836584308625921;0.0;0.43584742089293455;0.0;0.00010836584308625921;0.0;0.0;0.0;0.0;0.0;0.00032509752925877764;0.00032509752925877764;0.0;0.0;0.0;0.0;0.00010836584308625921;0.0;0.005635023840485479
31;Q2_q2a3;0.0001178967224711153;0.0005894836123555765;0.5254656920537609;0.010846498467342609;0.0001178967224711153;0.0;0.0001178967224711153;0.0;0.4412874322093846;0.0001178967224711153;0.0;0.0004715868898844612;0.0001178967224711153;0.0002357934449422306;0.0;0.0002357934449422306;0.0;0.0003536901674133459;0.004951662343786843;0.0001178967224711153;0.0008252770572978071;0.005305352511200188;0.0004715868898844612;0.0033011082291912286;0.0003536901674133459;0.0;0.0002357934449422306;0.0004715868898844612;0.0001178967224711153;0.002357934449422306;0.0;0.0;0.0;0.0;0.0;0.0;0.0;0.0;0.0;0.0;0.0;0.0014147606696533837
32;Q5_q5a3;0.0;0.0;0.00017683465959328028;0.00017683465959328028;0.00017683465959328028;0.5349248452696729;0.01786030061892131;0.00017683465959328028;0.0;0.005835543766578249;0.0007073386383731211;0.0;0.0;0.0;0.00035366931918656057;0.00035366931918656057;0.0005305039787798408;0.0;0.0;0.0;0.0;0.0;0.0;0.0;0.0;0.4305923961096375;0.0;0.00035366931918656057;0.00017683465959328028;0.0;0.0007073386383731211;0.0;0.0;0.0005305039787798408;0.00035366931918656057;0.0;0.0;0.0;0.0;0.0;0.0;0.00601237842617153
33;click2button_click2link;0.0;0.0;0.0;0.0;0.0;0.00039824771007566706;0.5201115093588212;0.001991238550378335;0.0;0.0007964954201513341;0.0;0.0;0.0;0.00039824771007566706;0.0;0.0;0.0;0.00039824771007566706;0.0;0.0;0.0;0.00039824771007566706;0.0;0.0;0.0;0.00039824771007566706;0.0;0.0;0.0;0.0;0.0;0.0;0.0;0.0;0.00796495420151334;0.0035842293906810036;0.0007964954201513341;0.0;0.0;0.00039824771007566706;0.0;0.46236559139784944
34;like_dislike_like;0.2062807881773399;0.050492610837438424;0.011083743842364532;0.011083743842364532;0.0049261083743842365;0.0024630541871921183;0.16009852216748768;0.007389162561576354;0.023399014778325122;0.0018472906403940886;0.021551724137931036;0.010467980295566502;0.05480295566502463;0.01293103448275862;0.011083743842364532;0.003078817733990148;0.012315270935960592;0.0166256157635468;0.0049261083743842365;0.05972906403940887;0.010467980295566502;0.012315270935960592;0.017241379310344827;0.003694581280788177;0.012315270935960592;0.006157635467980296;0.009852216748768473;0.003078817733990148;0.0018472906403940886;0.0018472906403940886;0.0006157635467980296;0.0018472906403940886;0.0;0.014778325123152709;0.0018472906403940886;0.04926108374384237;0.01293103448275862;0.0012315270935960591;0.0006157635467980296;0.01600985221674877;0.0;0.1354679802955665
35;system_favorite;0.2151029748283753;0.041189931350114416;0.018306636155606407;0.009153318077803204;0.002288329519450801;0.002288329519450801;0.12128146453089245;0.009153318077803204;0.018306636155606407;0.0;0.006864988558352402;0.004576659038901602;0.009153318077803204;0.002288329519450801;0.004576659038901602;0.002288329519450801;0.004576659038901602;0.02288329519450801;0.002288329519450801;0.02517162471395881;0.011441647597254004;0.002288329519450801;0.004576659038901602;0.006864988558352402;0.011441647597254004;0.0;0.004576659038901602;0.0;0.0;0.006864988558352402;0.0;0.004576659038901602;0.002288329519450801;0.002288329519450801;0.07093821510297482;0.043478260869565216;0.02745995423340961;0.009153318077803204;0.0;0.009153318077803204;0.0;0.2608695652173913
36;system_share;0.15481171548117154;0.0794979079497908;0.02510460251046025;0.02092050209205021;0.0041841004184100415;0.0041841004184100415;0.07112970711297072;0.012552301255230125;0.008368200836820083;0.0041841004184100415;0.008368200836820083;0.012552301255230125;0.03765690376569038;0.0041841004184100415;0.0;0.0;0.0;0.029288702928870293;0.0041841004184100415;0.02092050209205021;0.012552301255230125;0.016736401673640166;0.008368200836820083;0.0041841004184100415;0.03347280334728033;0.0;0.016736401673640166;0.0;0.0;0.0;0.0;0.0041841004184100415;0.0;0.0041841004184100415;0.03347280334728033;0.04184100418410042;0.04602510460251046;0.0;0.0;0.0;0.0;0.27615062761506276
37;like_dislike_dislike;0.15976331360946747;0.04142011834319527;0.005917159763313609;0.01775147928994083;0.011834319526627219;0.011834319526627219;0.05325443786982249;0.011834319526627219;0.023668639053254437;0.0;0.005917159763313609;0.011834319526627219;0.011834319526627219;0.0;0.023668639053254437;0.0;0.0;0.0;0.005917159763313609;0.0;0.0;0.0;0.005917159763313609;0.0;0.005917159763313609;0.0;0.0;0.005917159763313609;0.0;0.0;0.0;0.0;0.0;0.0;0.029585798816568046;0.0;0.0;0.0;0.46153846153846156;0.029585798816568046;0.0;0.0650887573964497
38;system_optout_CREATIVE;0.18421052631578946;0.06578947368421052;0.013157894736842105;0.013157894736842105;0.013157894736842105;0.0;0.07236842105263158;0.019736842105263157;0.02631578947368421;0.0;0.0;0.006578947368421052;0.006578947368421052;0.0;0.0;0.0;0.006578947368421052;0.0;0.0;0.0;0.0;0.0;0.0;0.0;0.0;0.0;0.0;0.0;0.0;0.0;0.0;0.0;0.0;0.0;0.02631578947368421;0.006578947368421052;0.006578947368421052;0.3881578947368421;0.0;0.03289473684210526;0.0;0.1118421052631579
39;like_dislike_unknown;0.0449438202247191;0.033707865168539325;0.011235955056179775;0.0;0.0;0.0;0.02247191011235955;0.0;0.0449438202247191;0.0;0.02247191011235955;0.011235955056179775;0.056179775280898875;0.011235955056179775;0.0;0.02247191011235955;0.02247191011235955;0.011235955056179775;0.011235955056179775;0.011235955056179775;0.0;0.02247191011235955;0.0449438202247191;0.011235955056179775;0.011235955056179775;0.011235955056179775;0.011235955056179775;0.0;0.033707865168539325;0.0;0.0;0.0;0.0;0.0;0.24719101123595505;0.02247191011235955;0.02247191011235955;0.06741573033707865;0.0;0.0;0.0;0.15730337078651685
40;session_start;inf;inf;inf;inf;inf;inf;inf;inf;inf;;;inf;inf;inf;inf;;;inf;;inf;;inf;inf;inf;inf;;inf;;;;;inf;;;inf;inf;inf;inf;inf;inf;;
41;session_end;0.0;0.0;0.0;0.0;0.0;0.0;0.0;0.0;0.0;0.0;0.0;0.0;0.0;0.0;0.0;0.0;0.0;0.0;0.0;0.0;0.0;0.0;0.0;0.0;0.0;0.0;0.0;0.0;0.0;0.0;0.0;0.0;0.0;0.0;0.0;0.0;0.0;0.0;0.0;0.0;0.0;0.0
